doc_id,category,source_category,dpi,model,status,latency_sec,n_pages,n_blocks,n_tables,avg_confidence,flagged_low_conf_numerics,arithmetic_consistency_rate
sec_AAPL_0,multi_header_financial_table,,,mistral-ocr-2512,ok,3.08,1,0,1,0.993,,
sec_AAPL_0,multi_header_financial_table,,,mistral-ocr-3-0,ok,3.02,1,0,1,0.993,,
sec_AAPL_0,multi_header_financial_table,,,mistral-ocr-3,ok,3.4,1,0,1,0.992,,
sec_AAPL_0,multi_header_financial_table,,,mistral-ocr-4-0,ok,3.4,1,2,1,1.0,,
sec_AAPL_0,multi_header_financial_table,,,mistral-ocr-latest,ok,3.42,1,2,1,1.0,,
sec_AAPL_0,multi_header_financial_table,,,mistral-ocr-4,ok,3.6,1,2,1,0.999,,
sec_AAPL_0,multi_header_financial_table,,,mistral-ocr-4-1,ok,3.67,1,2,1,1.0,,
sec_JPM_0,multi_header_financial_table,,,mistral-ocr-2512,ok,3.84,2,0,1,0.936,,
sec_JPM_0,multi_header_financial_table,,,mistral-ocr-3-0,ok,5.03,2,0,1,0.935,,
sec_JPM_0,multi_header_financial_table,,,mistral-ocr-3,ok,3.68,2,0,1,0.935,,
sec_JPM_0,multi_header_financial_table,,,mistral-ocr-4-0,ok,4.0,2,4,1,0.995,,
sec_JPM_0,multi_header_financial_table,,,mistral-ocr-latest,ok,4.64,2,15,4,0.988,,
sec_JPM_0,multi_header_financial_table,,,mistral-ocr-4,ok,4.09,2,4,1,0.994,,
sec_JPM_0,multi_header_financial_table,,,mistral-ocr-4-1,ok,4.34,2,4,1,0.994,,
sec_BRK.B_0,multi_header_financial_table,,,mistral-ocr-2512,ok,3.27,3,0,2,0.982,,
sec_BRK.B_0,multi_header_financial_table,,,mistral-ocr-3-0,ok,3.95,3,0,2,0.982,,
sec_BRK.B_0,multi_header_financial_table,,,mistral-ocr-3,ok,3.77,3,0,2,0.982,,
sec_BRK.B_0,multi_header_financial_table,,,mistral-ocr-4-0,ok,4.14,3,14,5,0.997,,
sec_BRK.B_0,multi_header_financial_table,,,mistral-ocr-latest,ok,4.42,3,17,6,0.995,,
sec_BRK.B_0,multi_header_financial_table,,,mistral-ocr-4,ok,4.64,3,17,6,0.995,,
sec_BRK.B_0,multi_header_financial_table,,,mistral-ocr-4-1,ok,4.38,3,17,6,0.995,,
irs_w9,signature_block,,,mistral-ocr-2512,ok,4.49,6,0,7,0.998,,
irs_w9,signature_block,,,mistral-ocr-3-0,ok,4.85,6,0,7,0.998,,
irs_w9,signature_block,,,mistral-ocr-3,ok,4.04,6,0,7,0.998,,
irs_w9,signature_block,,,mistral-ocr-4-0,ok,6.53,6,163,7,0.999,,
irs_w9,signature_block,,,mistral-ocr-latest,ok,6.26,6,159,7,0.999,,
irs_w9,signature_block,,,mistral-ocr-4,ok,6.43,6,159,7,0.999,,
irs_w9,signature_block,,,mistral-ocr-4-1,ok,6.57,6,159,7,0.999,,
fed_h15,multi_header_financial_table,,,mistral-ocr-2512,ok,6.12,3,0,1,0.995,,
fed_h15,multi_header_financial_table,,,mistral-ocr-3-0,ok,8.38,3,0,1,0.995,,
fed_h15,multi_header_financial_table,,,mistral-ocr-3,ok,7.68,3,0,1,0.995,,
fed_h15,multi_header_financial_table,,,mistral-ocr-4-0,ok,7.85,3,39,1,0.999,,
fed_h15,multi_header_financial_table,,,mistral-ocr-latest,ok,9.65,3,39,1,0.999,,
fed_h15,multi_header_financial_table,,,mistral-ocr-4,ok,8.61,3,39,1,0.999,,
fed_h15,multi_header_financial_table,,,mistral-ocr-4-1,ok,8.26,3,39,1,0.999,,
dpi_multi_header_financial_table_72dpi,resolution_stress,multi_header_financial_table,72.0,mistral-ocr-2512,ok,3.09,1,0,1,0.992,,
dpi_multi_header_financial_table_72dpi,resolution_stress,multi_header_financial_table,72.0,mistral-ocr-3-0,ok,3.14,1,0,1,0.992,,
dpi_multi_header_financial_table_72dpi,resolution_stress,multi_header_financial_table,72.0,mistral-ocr-3,ok,3.16,1,0,1,0.992,,
dpi_multi_header_financial_table_72dpi,resolution_stress,multi_header_financial_table,72.0,mistral-ocr-4-0,ok,3.65,1,8,1,0.991,,
dpi_multi_header_financial_table_72dpi,resolution_stress,multi_header_financial_table,72.0,mistral-ocr-latest,ok,3.6,1,2,1,0.994,,
dpi_multi_header_financial_table_72dpi,resolution_stress,multi_header_financial_table,72.0,mistral-ocr-4,ok,3.31,1,2,1,0.995,,
dpi_multi_header_financial_table_72dpi,resolution_stress,multi_header_financial_table,72.0,mistral-ocr-4-1,ok,3.55,1,2,1,0.995,,
dpi_multi_header_financial_table_150dpi,resolution_stress,multi_header_financial_table,150.0,mistral-ocr-2512,ok,3.53,1,0,1,0.991,,
dpi_multi_header_financial_table_150dpi,resolution_stress,multi_header_financial_table,150.0,mistral-ocr-3-0,ok,3.48,1,0,1,0.991,,
dpi_multi_header_financial_table_150dpi,resolution_stress,multi_header_financial_table,150.0,mistral-ocr-3,ok,3.22,1,0,1,0.991,,
dpi_multi_header_financial_table_150dpi,resolution_stress,multi_header_financial_table,150.0,mistral-ocr-4-0,ok,4.29,1,14,4,0.997,,
dpi_multi_header_financial_table_150dpi,resolution_stress,multi_header_financial_table,150.0,mistral-ocr-latest,ok,7.77,1,49,20,0.998,,
dpi_multi_header_financial_table_150dpi,resolution_stress,multi_header_financial_table,150.0,mistral-ocr-4,ok,5.21,1,49,20,0.998,,
dpi_multi_header_financial_table_150dpi,resolution_stress,multi_header_financial_table,150.0,mistral-ocr-4-1,ok,3.82,1,2,1,1.0,,
dpi_multi_header_financial_table_300dpi,resolution_stress,multi_header_financial_table,300.0,mistral-ocr-2512,ok,3.35,1,0,1,0.991,,
dpi_multi_header_financial_table_300dpi,resolution_stress,multi_header_financial_table,300.0,mistral-ocr-3-0,ok,4.12,1,0,1,0.992,,
dpi_multi_header_financial_table_300dpi,resolution_stress,multi_header_financial_table,300.0,mistral-ocr-3,ok,3.43,1,0,1,0.991,,
dpi_multi_header_financial_table_300dpi,resolution_stress,multi_header_financial_table,300.0,mistral-ocr-4-0,ok,4.08,1,2,1,1.0,,
dpi_multi_header_financial_table_300dpi,resolution_stress,multi_header_financial_table,300.0,mistral-ocr-latest,ok,4.03,1,2,1,1.0,,
dpi_multi_header_financial_table_300dpi,resolution_stress,multi_header_financial_table,300.0,mistral-ocr-4,ok,4.1,1,2,1,1.0,,
dpi_multi_header_financial_table_300dpi,resolution_stress,multi_header_financial_table,300.0,mistral-ocr-4-1,ok,4.0,1,2,1,1.0,,
dpi_signature_block_72dpi,resolution_stress,signature_block,72.0,mistral-ocr-2512,ok,3.49,1,0,2,0.997,,
dpi_signature_block_72dpi,resolution_stress,signature_block,72.0,mistral-ocr-3-0,ok,3.26,1,0,2,0.997,,
dpi_signature_block_72dpi,resolution_stress,signature_block,72.0,mistral-ocr-3,ok,3.27,1,0,2,0.997,,
dpi_signature_block_72dpi,resolution_stress,signature_block,72.0,mistral-ocr-4-0,ok,4.83,1,26,4,0.996,,
dpi_signature_block_72dpi,resolution_stress,signature_block,72.0,mistral-ocr-latest,ok,5.66,1,31,4,0.998,,
dpi_signature_block_72dpi,resolution_stress,signature_block,72.0,mistral-ocr-4,ok,5.22,1,32,4,0.998,,
dpi_signature_block_72dpi,resolution_stress,signature_block,72.0,mistral-ocr-4-1,ok,4.98,1,31,4,0.998,,
dpi_signature_block_150dpi,resolution_stress,signature_block,150.0,mistral-ocr-2512,ok,3.32,1,0,3,0.999,,
dpi_signature_block_150dpi,resolution_stress,signature_block,150.0,mistral-ocr-3-0,ok,6.68,1,0,3,0.998,,
dpi_signature_block_150dpi,resolution_stress,signature_block,150.0,mistral-ocr-3,ok,3.52,1,0,3,0.999,,
dpi_signature_block_150dpi,resolution_stress,signature_block,150.0,mistral-ocr-4-0,ok,5.02,1,25,3,0.998,,
dpi_signature_block_150dpi,resolution_stress,signature_block,150.0,mistral-ocr-latest,ok,5.5,1,24,3,0.999,,
dpi_signature_block_150dpi,resolution_stress,signature_block,150.0,mistral-ocr-4,ok,5.47,1,24,3,0.999,,
dpi_signature_block_150dpi,resolution_stress,signature_block,150.0,mistral-ocr-4-1,ok,5.2,1,24,3,0.999,,
dpi_signature_block_300dpi,resolution_stress,signature_block,300.0,mistral-ocr-2512,ok,3.38,1,0,3,0.999,,
dpi_signature_block_300dpi,resolution_stress,signature_block,300.0,mistral-ocr-3-0,ok,3.35,1,0,2,0.997,,
dpi_signature_block_300dpi,resolution_stress,signature_block,300.0,mistral-ocr-3,ok,3.73,1,0,2,0.997,,
dpi_signature_block_300dpi,resolution_stress,signature_block,300.0,mistral-ocr-4-0,ok,6.86,1,27,2,0.999,,
dpi_signature_block_300dpi,resolution_stress,signature_block,300.0,mistral-ocr-latest,ok,6.79,1,29,1,0.997,,
dpi_signature_block_300dpi,resolution_stress,signature_block,300.0,mistral-ocr-4,ok,6.02,1,29,1,0.997,,
dpi_signature_block_300dpi,resolution_stress,signature_block,300.0,mistral-ocr-4-1,ok,5.71,1,29,1,0.997,,
stress_noisy_skewed_fax,resolution_stress,multi_header_financial_table,150.0,mistral-ocr-2512,ok,4.1,1,0,1,0.979,,
stress_noisy_skewed_fax,resolution_stress,multi_header_financial_table,150.0,mistral-ocr-3-0,ok,4.19,1,0,1,0.977,,
stress_noisy_skewed_fax,resolution_stress,multi_header_financial_table,150.0,mistral-ocr-3,ok,4.22,1,0,1,0.979,,
stress_noisy_skewed_fax,resolution_stress,multi_header_financial_table,150.0,mistral-ocr-4-0,ok,5.35,1,2,1,1.0,,
stress_noisy_skewed_fax,resolution_stress,multi_header_financial_table,150.0,mistral-ocr-latest,ok,9.37,1,89,0,0.999,,
stress_noisy_skewed_fax,resolution_stress,multi_header_financial_table,150.0,mistral-ocr-4,ok,9.0,1,89,0,0.999,,
stress_noisy_skewed_fax,resolution_stress,multi_header_financial_table,150.0,mistral-ocr-4-1,ok,8.51,1,89,0,0.999,,
synthetic_nested_header_pivot,multi_header_financial_table,,,mistral-ocr-2512,ok,3.08,1,0,1,0.998,,
synthetic_nested_header_pivot,multi_header_financial_table,,,mistral-ocr-3-0,ok,2.76,1,0,1,0.998,,
synthetic_nested_header_pivot,multi_header_financial_table,,,mistral-ocr-3,ok,3.07,1,0,1,0.998,,
synthetic_nested_header_pivot,multi_header_financial_table,,,mistral-ocr-4-0,ok,3.15,1,1,1,0.999,,
synthetic_nested_header_pivot,multi_header_financial_table,,,mistral-ocr-latest,ok,3.34,1,1,1,0.997,,
synthetic_nested_header_pivot,multi_header_financial_table,,,mistral-ocr-4,ok,2.93,1,1,1,0.997,,
synthetic_nested_header_pivot,multi_header_financial_table,,,mistral-ocr-4-1,ok,3.37,1,1,1,0.997,,
synthetic_settlement_workflow,workflow_diagram,,,mistral-ocr-2512,ok,4.66,1,0,0,0.98,,
synthetic_settlement_workflow,workflow_diagram,,,mistral-ocr-3-0,ok,2.58,1,0,0,0.98,,
synthetic_settlement_workflow,workflow_diagram,,,mistral-ocr-3,ok,2.27,1,0,0,0.98,,
synthetic_settlement_workflow,workflow_diagram,,,mistral-ocr-4-0,ok,2.2,1,2,0,0.999,,
synthetic_settlement_workflow,workflow_diagram,,,mistral-ocr-latest,ok,2.28,1,2,0,0.951,,
synthetic_settlement_workflow,workflow_diagram,,,mistral-ocr-4,ok,2.22,1,2,0,0.951,,
synthetic_settlement_workflow,workflow_diagram,,,mistral-ocr-4-1,ok,2.19,1,2,0,0.951,,
synthetic_approval_org_chart,workflow_diagram,,,mistral-ocr-2512,ok,2.54,1,0,0,0.987,,
synthetic_approval_org_chart,workflow_diagram,,,mistral-ocr-3-0,ok,2.6,1,0,0,0.987,,
synthetic_approval_org_chart,workflow_diagram,,,mistral-ocr-3,ok,2.5,1,0,0,0.987,,
synthetic_approval_org_chart,workflow_diagram,,,mistral-ocr-4-0,ok,2.51,1,2,0,0.937,,
synthetic_approval_org_chart,workflow_diagram,,,mistral-ocr-latest,ok,3.23,1,2,0,0.995,,
synthetic_approval_org_chart,workflow_diagram,,,mistral-ocr-4,ok,2.53,1,2,0,0.996,,
synthetic_approval_org_chart,workflow_diagram,,,mistral-ocr-4-1,ok,3.34,1,2,0,0.995,,
stress_handwritten_memo,handwriting,,,mistral-ocr-2512,ok,1.05,1,0,0,0.997,,
stress_handwritten_memo,handwriting,,,mistral-ocr-3-0,ok,1.44,1,0,0,0.997,,
stress_handwritten_memo,handwriting,,,mistral-ocr-3,ok,1.03,1,0,0,0.997,,
stress_handwritten_memo,handwriting,,,mistral-ocr-4-0,ok,1.25,1,3,0,0.998,,
stress_handwritten_memo,handwriting,,,mistral-ocr-latest,ok,1.3,1,3,0,0.988,,
stress_handwritten_memo,handwriting,,,mistral-ocr-4,ok,1.23,1,3,0,0.994,,
stress_handwritten_memo,handwriting,,,mistral-ocr-4-1,ok,1.39,1,3,0,0.993,,
stress_overlapping_text,overlapping_text,,,mistral-ocr-2512,ok,1.11,1,0,0,0.813,,
stress_overlapping_text,overlapping_text,,,mistral-ocr-3-0,ok,1.15,1,0,0,0.813,,
stress_overlapping_text,overlapping_text,,,mistral-ocr-3,ok,1.08,1,0,0,0.798,,
stress_overlapping_text,overlapping_text,,,mistral-ocr-4-0,ok,1.15,1,3,0,0.998,,
stress_overlapping_text,overlapping_text,,,mistral-ocr-latest,ok,1.11,1,1,0,0.894,,
stress_overlapping_text,overlapping_text,,,mistral-ocr-4,ok,1.09,1,1,0,0.893,,
stress_overlapping_text,overlapping_text,,,mistral-ocr-4-1,ok,1.05,1,1,0,0.894,,
stress_office_word,office_docs,,,mistral-ocr-2512,ok,1.31,1,0,0,,,
stress_office_word,office_docs,,,mistral-ocr-3-0,ok,1.44,1,0,0,,,
stress_office_word,office_docs,,,mistral-ocr-3,ok,1.48,1,0,0,,,
stress_office_word,office_docs,,,mistral-ocr-4-0,ok,1.34,1,0,0,,,
stress_office_word,office_docs,,,mistral-ocr-latest,ok,3.64,1,0,0,,,
stress_office_word,office_docs,,,mistral-ocr-4,ok,1.08,1,0,0,,,
stress_office_word,office_docs,,,mistral-ocr-4-1,ok,1.41,1,0,0,,,
stress_office_ppt,office_docs,,,mistral-ocr-2512,ok,3.22,1,0,0,,,
stress_office_ppt,office_docs,,,mistral-ocr-3-0,ok,1.18,1,0,0,,,
stress_office_ppt,office_docs,,,mistral-ocr-3,ok,2.01,1,0,0,,,
stress_office_ppt,office_docs,,,mistral-ocr-4-0,ok,1.64,1,0,0,,,
stress_office_ppt,office_docs,,,mistral-ocr-latest,ok,1.28,1,0,0,,,
stress_office_ppt,office_docs,,,mistral-ocr-4,ok,1.4,1,0,0,,,
stress_office_ppt,office_docs,,,mistral-ocr-4-1,ok,1.33,1,0,0,,,
stress_messaging_email,messaging,,,mistral-ocr-2512,ok,1.19,1,0,0,,,
stress_messaging_email,messaging,,,mistral-ocr-3-0,ok,1.27,1,0,0,,,
stress_messaging_email,messaging,,,mistral-ocr-3,ok,1.2,1,0,0,,,
stress_messaging_email,messaging,,,mistral-ocr-4-0,ok,1.2,1,0,0,,,
stress_messaging_email,messaging,,,mistral-ocr-latest,ok,1.1,1,0,0,,,
stress_messaging_email,messaging,,,mistral-ocr-4,ok,1.12,1,0,0,,,
stress_messaging_email,messaging,,,mistral-ocr-4-1,ok,1.35,1,0,0,,,
stress_structured_markdown,structured_text,,,mistral-ocr-2512,ok,1.25,1,0,0,,,
stress_structured_markdown,structured_text,,,mistral-ocr-3-0,ok,1.0,1,0,0,,,
stress_structured_markdown,structured_text,,,mistral-ocr-3,ok,1.19,1,0,0,,,
stress_structured_markdown,structured_text,,,mistral-ocr-4-0,ok,1.06,1,0,0,,,
stress_structured_markdown,structured_text,,,mistral-ocr-latest,ok,1.17,1,0,0,,,
stress_structured_markdown,structured_text,,,mistral-ocr-4,ok,1.34,1,0,0,,,
stress_structured_markdown,structured_text,,,mistral-ocr-4-1,ok,1.16,1,0,0,,,
stress_office_excel,office_docs,,,mistral-ocr-2512,ok,1.62,1,0,1,,,
stress_office_excel,office_docs,,,mistral-ocr-3-0,ok,1.46,1,0,1,,,
stress_office_excel,office_docs,,,mistral-ocr-3,ok,1.71,1,0,1,,,
stress_office_excel,office_docs,,,mistral-ocr-4-0,ok,1.64,1,0,1,,,
stress_office_excel,office_docs,,,mistral-ocr-latest,ok,1.57,1,0,1,,,
stress_office_excel,office_docs,,,mistral-ocr-4,ok,1.81,1,0,1,,,
stress_office_excel,office_docs,,,mistral-ocr-4-1,ok,2.02,1,0,1,,,
stress_office_pptx,office_docs,,,mistral-ocr-2512,ok,0.91,1,0,0,,,
stress_office_pptx,office_docs,,,mistral-ocr-3-0,ok,1.05,1,0,0,,,
stress_office_pptx,office_docs,,,mistral-ocr-3,ok,1.24,1,0,0,,,
stress_office_pptx,office_docs,,,mistral-ocr-4-0,ok,1.36,1,0,0,,,
stress_office_pptx,office_docs,,,mistral-ocr-latest,ok,1.05,1,0,0,,,
stress_office_pptx,office_docs,,,mistral-ocr-4,ok,0.98,1,0,0,,,
stress_office_pptx,office_docs,,,mistral-ocr-4-1,ok,0.88,1,0,0,,,
